checked_at,asin,keyword,domain,position,organic_position,page,sponsored,title,price,rating
2026-07-27T11:14:35+00:00,B0H5VN7MDL,wireless earbuds,www.amazon.com,1,1,1,0,"HAOYUYAN Wireless Earbuds, Sports Bluetooth Headphones, LED Power Display Ear Buds with 80Hrs Playtime, Noise Canceling Headset, IPX7 Waterproof Earphones for Workout/Running",$23.98,290
2026-07-28T03:54:26+00:00,B0DYTF8L2W,wireless earbuds,www.amazon.com,,,,0,,,
2026-07-28T03:54:26+00:00,B0DYTF8L2W,bluetooth earbuds,www.amazon.com,,,,0,,,
2026-07-29T03:58:41+00:00,B0DYTF8L2W,wireless earbuds,www.amazon.com,,,,0,,,
2026-07-29T03:58:41+00:00,B0DYTF8L2W,bluetooth earbuds,www.amazon.com,,,,0,,,
2026-07-30T03:50:31+00:00,B0DYTF8L2W,wireless earbuds,www.amazon.com,,,,0,,,
2026-07-30T03:50:31+00:00,B0DYTF8L2W,bluetooth earbuds,www.amazon.com,,,,0,,,
2026-07-31T04:16:40+00:00,B0DYTF8L2W,wireless earbuds,www.amazon.com,,,,0,,,
2026-07-31T04:16:40+00:00,B0DYTF8L2W,bluetooth earbuds,www.amazon.com,,,,0,,,
2026-08-01T04:16:29+00:00,B0DYTF8L2W,wireless earbuds,www.amazon.com,,,,0,,,
2026-08-01T04:16:29+00:00,B0DYTF8L2W,bluetooth earbuds,www.amazon.com,,,,0,,,
2026-08-02T04:18:46+00:00,B0DYTF8L2W,wireless earbuds,www.amazon.com,,,,0,,,
2026-08-02T04:18:46+00:00,B0DYTF8L2W,bluetooth earbuds,www.amazon.com,,,,0,,,
2026-08-03T04:23:42+00:00,B0DYTF8L2W,wireless earbuds,www.amazon.com,,,,0,,,
2026-08-03T04:23:42+00:00,B0DYTF8L2W,bluetooth earbuds,www.amazon.com,,,,0,,,
2026-08-04T03:58:08+00:00,B0DYTF8L2W,wireless earbuds,www.amazon.com,,,,0,,,
2026-08-04T03:58:08+00:00,B0DYTF8L2W,bluetooth earbuds,www.amazon.com,,,,0,,,
2026-08-05T03:53:29+00:00,B0DYTF8L2W,wireless earbuds,www.amazon.com,,,,0,,,
2026-08-05T03:53:29+00:00,B0DYTF8L2W,bluetooth earbuds,www.amazon.com,,,,0,,,
2026-08-06T03:58:25+00:00,B0DYTF8L2W,wireless earbuds,www.amazon.com,,,,0,,,
2026-08-06T03:58:25+00:00,B0DYTF8L2W,bluetooth earbuds,www.amazon.com,,,,0,,,
2026-08-07T03:43:13+00:00,B0DYTF8L2W,wireless earbuds,www.amazon.com,,,,0,,,
2026-08-07T03:43:13+00:00,B0DYTF8L2W,bluetooth earbuds,www.amazon.com,,,,0,,,
2026-08-08T02:50:22+00:00,B0DYTF8L2W,wireless earbuds,www.amazon.com,,,,0,,,
2026-08-08T02:50:22+00:00,B0DYTF8L2W,bluetooth earbuds,www.amazon.com,,,,0,,,
2026-08-09T02:57:56+00:00,B0DYTF8L2W,wireless earbuds,www.amazon.com,,,,0,,,
2026-08-09T02:57:56+00:00,B0DYTF8L2W,bluetooth earbuds,www.amazon.com,,,,0,,,
2026-08-10T03:06:59+00:00,B0DYTF8L2W,wireless earbuds,www.amazon.com,,,,0,,,
2026-08-10T03:06:59+00:00,B0DYTF8L2W,bluetooth earbuds,www.amazon.com,,,,0,,,
2026-08-11T03:00:02+00:00,B0DYTF8L2W,wireless earbuds,www.amazon.com,,,,0,,,
2026-08-11T03:00:02+00:00,B0DYTF8L2W,bluetooth earbuds,www.amazon.com,,,,0,,,
2026-08-12T03:17:54+00:00,B0DYTF8L2W,wireless earbuds,www.amazon.com,,,,0,,,
2026-08-12T03:17:54+00:00,B0DYTF8L2W,bluetooth earbuds,www.amazon.com,,,,0,,,
2026-08-13T03:22:40+00:00,B0DYTF8L2W,wireless earbuds,www.amazon.com,,,,0,,,
2026-08-13T03:22:40+00:00,B0DYTF8L2W,bluetooth earbuds,www.amazon.com,,,,0,,,
2026-08-14T03:20:14+00:00,B0DYTF8L2W,wireless earbuds,www.amazon.com,,,,0,,,
2026-08-14T03:20:14+00:00,B0DYTF8L2W,bluetooth earbuds,www.amazon.com,,,,0,,,
2026-08-15T02:08:06+00:00,B0DYTF8L2W,wireless earbuds,www.amazon.com,,,,0,,,
2026-08-15T02:08:06+00:00,B0DYTF8L2W,bluetooth earbuds,www.amazon.com,,,,0,,,
2026-08-16T02:15:32+00:00,B0DYTF8L2W,wireless earbuds,www.amazon.com,,,,0,,,
2026-08-16T02:15:32+00:00,B0DYTF8L2W,bluetooth earbuds,www.amazon.com,,,,0,,,
2026-08-18T02:09:58+00:00,B0DYTF8L2W,wireless earbuds,www.amazon.com,,,,0,,,
2026-08-18T02:09:58+00:00,B0DYTF8L2W,bluetooth earbuds,www.amazon.com,,,,0,,,
2026-08-19T02:12:16+00:00,B0DYTF8L2W,wireless earbuds,www.amazon.com,,,,0,,,
2026-08-19T02:12:16+00:00,B0DYTF8L2W,bluetooth earbuds,www.amazon.com,,,,0,,,
2026-08-20T02:11:17+00:00,B0DYTF8L2W,wireless earbuds,www.amazon.com,,,,0,,,
2026-08-20T02:11:17+00:00,B0DYTF8L2W,bluetooth earbuds,www.amazon.com,,,,0,,,
2026-08-21T02:17:46+00:00,B0DYTF8L2W,wireless earbuds,www.amazon.com,,,,0,,,
2026-08-21T02:17:46+00:00,B0DYTF8L2W,bluetooth earbuds,www.amazon.com,,,,0,,,
2026-08-22T02:09:04+00:00,B0DYTF8L2W,wireless earbuds,www.amazon.com,,,,0,,,
2026-08-22T02:09:04+00:00,B0DYTF8L2W,bluetooth earbuds,www.amazon.com,,,,0,,,
2026-08-23T02:18:59+00:00,B0DYTF8L2W,wireless earbuds,www.amazon.com,,,,0,,,
2026-08-23T02:18:59+00:00,B0DYTF8L2W,bluetooth earbuds,www.amazon.com,,,,0,,,
2026-08-24T02:17:23+00:00,B0DYTF8L2W,wireless earbuds,www.amazon.com,,,,0,,,
2026-08-24T02:17:23+00:00,B0DYTF8L2W,bluetooth earbuds,www.amazon.com,,,,0,,,
2026-08-25T02:12:40+00:00,B0DYTF8L2W,wireless earbuds,www.amazon.com,,,,0,,,
2026-08-25T02:12:40+00:00,B0DYTF8L2W,bluetooth earbuds,www.amazon.com,,,,0,,,
2026-08-26T02:19:07+00:00,B0DYTF8L2W,wireless earbuds,www.amazon.com,,,,0,,,
2026-08-26T02:19:07+00:00,B0DYTF8L2W,bluetooth earbuds,www.amazon.com,,,,0,,,
2026-08-27T10:45:33+00:00,B0DYTF8L2W,wireless earbuds,www.amazon.com,,,,0,,,
2026-08-27T10:45:33+00:00,B0DYTF8L2W,bluetooth earbuds,www.amazon.com,,,,0,,,
2026-08-28T12:22:46+00:00,B0DYTF8L2W,wireless earbuds,www.amazon.com,,,,0,,,
2026-08-28T12:22:46+00:00,B0DYTF8L2W,bluetooth earbuds,www.amazon.com,,,,0,,,
2026-08-29T07:32:28+00:00,B0DYTF8L2W,wireless earbuds,www.amazon.com,,,,0,,,
2026-08-29T07:32:28+00:00,B0DYTF8L2W,bluetooth earbuds,www.amazon.com,,,,0,,,
2026-08-30T06:05:16+00:00,B0DYTF8L2W,wireless earbuds,www.amazon.com,,,,0,,,
2026-08-30T06:05:16+00:00,B0DYTF8L2W,bluetooth earbuds,www.amazon.com,,,,0,,,
2026-08-31T06:24:58+00:00,B0DYTF8L2W,wireless earbuds,www.amazon.com,,,,0,,,
2026-08-31T06:24:58+00:00,B0DYTF8L2W,bluetooth earbuds,www.amazon.com,,,,0,,,
2026-09-01T05:52:38+00:00,B0DYTF8L2W,wireless earbuds,www.amazon.com,,,,0,,,
2026-09-01T05:52:38+00:00,B0DYTF8L2W,bluetooth earbuds,www.amazon.com,,,,0,,,
2026-09-02T05:15:19+00:00,B0DYTF8L2W,wireless earbuds,www.amazon.com,,,,0,,,
2026-09-02T05:15:19+00:00,B0DYTF8L2W,bluetooth earbuds,www.amazon.com,,,,0,,,
2026-09-03T05:21:31+00:00,B0DYTF8L2W,wireless earbuds,www.amazon.com,,,,0,,,
2026-09-03T05:21:31+00:00,B0DYTF8L2W,bluetooth earbuds,www.amazon.com,,,,0,,,
2026-09-04T05:14:12+00:00,B0DYTF8L2W,wireless earbuds,www.amazon.com,,,,0,,,
2026-09-04T05:14:12+00:00,B0DYTF8L2W,bluetooth earbuds,www.amazon.com,,,,0,,,
2026-09-05T05:03:35+00:00,B0DYTF8L2W,wireless earbuds,www.amazon.com,,,,0,,,
2026-09-05T05:03:35+00:00,B0DYTF8L2W,bluetooth earbuds,www.amazon.com,,,,0,,,
2026-09-06T05:18:19+00:00,B0DYTF8L2W,wireless earbuds,www.amazon.com,,,,0,,,
2026-09-06T05:18:19+00:00,B0DYTF8L2W,bluetooth earbuds,www.amazon.com,,,,0,,,
2026-09-07T05:27:05+00:00,B0DYTF8L2W,wireless earbuds,www.amazon.com,,,,0,,,
2026-09-07T05:27:05+00:00,B0DYTF8L2W,bluetooth earbuds,www.amazon.com,,,,0,,,
2026-09-08T05:27:29+00:00,B0DYTF8L2W,wireless earbuds,www.amazon.com,,,,0,,,
2026-09-08T05:27:29+00:00,B0DYTF8L2W,bluetooth earbuds,www.amazon.com,,,,0,,,
2026-09-09T05:33:38+00:00,B0DYTF8L2W,wireless earbuds,www.amazon.com,,,,0,,,
2026-09-09T05:33:38+00:00,B0DYTF8L2W,bluetooth earbuds,www.amazon.com,,,,0,,,
2026-09-10T05:26:39+00:00,B0DYTF8L2W,wireless earbuds,www.amazon.com,,,,0,,,
2026-09-10T05:26:39+00:00,B0DYTF8L2W,bluetooth earbuds,www.amazon.com,,,,0,,,
2026-09-11T05:25:21+00:00,B0DYTF8L2W,wireless earbuds,www.amazon.com,,,,0,,,
2026-09-11T05:25:21+00:00,B0DYTF8L2W,bluetooth earbuds,www.amazon.com,,,,0,,,
2026-09-12T05:15:48+00:00,B0DYTF8L2W,wireless earbuds,www.amazon.com,,,,0,,,
2026-09-12T05:15:48+00:00,B0DYTF8L2W,bluetooth earbuds,www.amazon.com,,,,0,,,
2026-09-13T05:29:56+00:00,B0DYTF8L2W,wireless earbuds,www.amazon.com,,,,0,,,
2026-09-13T05:29:56+00:00,B0DYTF8L2W,bluetooth earbuds,www.amazon.com,,,,0,,,
2026-09-14T05:34:22+00:00,B0DYTF8L2W,wireless earbuds,www.amazon.com,,,,0,,,
2026-09-14T05:34:22+00:00,B0DYTF8L2W,bluetooth earbuds,www.amazon.com,,,,0,,,
